<?xml version="1.0" encoding="UTF-8"?>
<project-private xmlns="http://www.netbeans.org/ns/project-private/1">
    <editor-bookmarks xmlns="http://www.netbeans.org/ns/editor-bookmarks/2" lastBookmarkId="0"/>
    <open-files xmlns="http://www.netbeans.org/ns/projectui-open-files/2">
        <group name="Danilo">
            <file>file:/C:/Users/2ndyrGroupA/Music/Moya_JavaProject/src/moya_javaproject/landing.java</file>
            <file>file:/C:/Users/2ndyrGroupA/Music/Moya_JavaProject/src/moya_javaproject/login.java</file>
            <file>file:/C:/Users/2ndyrGroupA/Music/Moya_JavaProject/src/moya_javaproject/ManageUsers.java</file>
            <file>file:/C:/Users/2ndyrGroupA/Music/Moya_JavaProject/src/moya_javaproject/ManageProduct.java</file>
            <file>file:/C:/Users/2ndyrGroupA/Music/Moya_JavaProject/src/moya_javaproject/Moya_JavaProject.java</file>
            <file>file:/C:/Users/2ndyrGroupA/Music/Moya_JavaProject/src/moya_javaproject/ManageGroups.java</file>
        </group>
        <group>
            <file>file:/C:/Users/2ndyrGroupA/Music/Java2021/Moya_JavaProject/src/moya_javaproject/login.java</file>
            <file>file:/C:/Users/2ndyrGroupA/Music/Java2021/Moya_JavaProject/src/moya_javaproject/ManageProduct.java</file>
            <file>file:/C:/Users/2ndyrGroupA/Music/Java2021/Moya_JavaProject/src/moya_javaproject/ManageOrder.java</file>
            <file>file:/C:/Users/2ndyrGroupA/Music/Java2021/Moya_JavaProject/src/moya_javaproject/ManageGroups.java</file>
            <file>file:/C:/Users/2ndyrGroupA/Music/Java2021/Moya_JavaProject/src/moya_javaproject/landing.java</file>
        </group>
    </open-files>
</project-private>
